ID,month_1,month_2,month_3,month_4,month_5,month_6,month_7,month_8,month_9,month_10,month_11,month_12,month_13,month_14,month_15,month_16,month_17,month_18,month_19,month_20,month_21,month_22,month_23,month_24,month_25,month_26,month_27,month_28,month_29,month_30,month_31,month_32,month_33,month_34,month_35,month_36
c1,9035,12319,9709,10920,6584,8997,7246,11533,7166,5916,7385,9317,8369,10050,10135,12758,7262,12168,6001,11075,10096,7037,10075,8494,5792,11818,9733,7454,9402,6059,7742,8477,7704,6089,6651,8490
c2,10553,10576,8995,11044,6164,9264,6058,9134,7850,6669,7078,9617,11729,10390,12171,8721,7209,10945,6711,10559,8581,6393,11050,7226,7592,9794,8031,7639,9657,5783,7869,6913,6998,6005,8982,7762
c3,22768,24895,18142,26362,14426,21557,12914,19237,17011,15678,16520,22620,25422,24979,21537,20524,13991,25181,16123,23212,21554,13889,26471,16342,19140,20099,17688,16198,23494,15053,18991,15727,16251,13848,21785,17432
c4,10889,11621,9025,10738,6164,9869,6271,8983,8068,7205,7381,9698,11484,10879,11683,9771,7282,11759,7203,10823,9170,6247,11718,7186,8096,10018,8231,7242,9862,6254,8049,7280,7017,6424,8994,8166
c5,9662,10821,9276,8843,3882,9753,5909,6858,7433,7138,6514,10030,10443,9766,10638,8762,7786,10869,4741,10884,7371,6035,9655,7778,7321,9292,7797,4574,6444,5942,5418,7476,6150,4190,6797,8116
c6,17326,16481,12468,16866,11318,13706,8974,13478,15202,12833,13135,21394,20163,15798,21909,20085,10857,21854,11586,16817,15482,9705,14971,13089,12947,13715,15879,12266,17981,6952,11330,11007,10927,10698,14283,14475
c7,24778,25116,21183,23030,13162,20382,13639,19868,18063,16209,15301,22315,25020,22907,25891,20853,15646,26372,15445,24566,18735,14561,26207,15278,17588,22514,18875,15834,20654,13708,17312,14893,14880,13035,20213,18765
c8,18401,26502,14018,13379,10065,21503,10095,21962,11595,6332,8654,15879,17347,16663,22571,16753,14154,20661,10296,14899,16318,7938,12038,16752,12941,13850,14577,14169,6995,10026,11159,9240,12068,10002,10461,13716
c9,9547,10195,7710,10115,5067,9016,5971,8063,7145,6151,3654,10185,9064,9227,11050,8377,5182,7054,4845,8886,8784,4638,10453,5642,5400,7740,5987,5781,8821,4651,8135,6419,6172,4983,7786,8753
c10,11927,13983,9957,9930,5998,11596,6664,9824,7312,7406,7928,10822,12605,11362,13267,12416,6510,10292,6944,11804,10149,7277,11915,7050,9858,10472,8356,6150,12143,6963,6609,7517,6016,6348,7608,8480
c11,18726,21715,14612,14665,10671,18158,10116,16190,14958,12757,10978,18766,18451,20240,21219,17706,12482,21371,11132,17902,15796,10030,18348,12694,12623,16239,14297,11848,17542,11112,13554,14698,10978,11886,16806,14335
c12,15311,15916,12214,15361,8583,13031,8450,11998,11003,9847,9878,13242,16267,14142,16663,13752,9559,15906,8958,14994,12471,8598,17503,9437,11023,13926,11518,9355,13684,8625,10394,10274,9830,8346,12444,10864
c13,20940,21628,16654,20934,11769,18119,11793,16549,14216,13774,13077,18282,22721,20083,21095,17758,13682,21823,13378,20231,16086,11534,22313,13184,15508,19509,14944,13135,18563,11745,14732,13682,13397,11864,16490,14910
c14,15668,18026,14653,15509,11333,16757,9092,13785,10501,8486,9191,13373,19431,13195,19994,13596,10390,19739,13338,14982,14537,10777,21206,12559,12647,10484,9847,12307,16222,9982,13586,9574,11983,9154,14653,10744
c15,19074,21351,16343,19128,11131,17651,11052,16942,14469,12386,12624,17053,19959,18940,21369,17672,12894,20053,12777,19596,16141,11405,21772,12762,15155,19050,14422,13078,18278,10628,15071,12876,12434,11677,15579,13778
c16,15671,14604,13072,22110,10184,14491,9596,16903,18718,11446,12067,14597,24192,20778,12518,19830,10574,21338,12974,17315,17537,9213,21914,12950,15074,15798,11374,10919,13158,12999,13742,12291,14186,8324,16763,16630
c17,18750,13741,17988,16075,10192,17199,14496,21678,15080,15584,14956,24709,20418,27000,25112,23397,12548,26757,19329,21280,16795,11492,22082,13858,7863,17787,13714,16042,15076,13401,18143,11354,16144,13458,17194,20299
c18,19342,21546,24727,18761,11946,20834,10486,17567,15239,14790,16252,23773,21616,16189,20896,9670,18869,23581,11174,19066,20065,11991,16072,18394,14570,15718,15452,11782,15986,12517,15863,9795,11797,9437,19340,17082
c19,12134,11090,6785,8120,7699,10199,5125,5310,7430,6241,5657,8108,9238,11543,11681,11153,7910,11410,7006,7982,9372,6805,8766,7454,8892,8562,9607,6210,10471,4105,8091,7023,6512,4803,9011,5304
c20,20914,19447,15162,20569,11494,19020,12600,14936,12809,14237,13437,19064,19291,22754,24366,18028,13889,25618,16653,20904,18159,11885,25501,14199,15884,23713,14757,12951,20711,14316,16628,16878,12738,12900,19090,13435
c21,21887,19356,15293,21857,10452,18096,11750,17393,14573,14097,12168,17763,21037,18738,24150,15443,13181,22060,12512,18859,14762,10787,20570,9670,15493,20752,16601,12010,18957,10881,12843,12063,12142,12381,17506,15552
c22,14995,16757,13083,16456,9340,13632,10627,14334,11633,10359,11699,14781,17108,17123,19124,13457,11746,17863,11364,16661,13416,8963,17826,11611,12710,14754,12509,11118,15593,10000,11778,10596,10705,9048,14876,13190
c23,18293,19724,15308,18718,10985,17470,10799,15920,14067,12525,12206,17282,19461,18708,20194,17233,12343,20550,12570,18804,14941,10778,20487,12804,14044,17644,14140,12638,17027,10515,14004,12470,12391,10681,15214,13893
c24,7320,7597,6634,8398,5303,6089,4045,7163,4120,5926,5097,5465,8662,6430,8977,8760,4178,6605,3683,7334,5620,3791,9032,6502,4569,5071,4963,5883,6013,3655,5767,4770,6474,4262,6999,7143
c25,22117,23300,16894,21845,15736,18325,12591,16958,10314,15153,12559,21005,29689,22778,21679,24209,12438,24084,18473,21233,18172,9365,22407,11375,17544,19436,16035,14217,17140,12035,14805,14850,14518,14317,21748,19390
c26,9540,10417,8368,9864,4960,8902,5359,7894,7234,6046,6492,8460,9958,10559,10800,8701,6630,10057,6114,9451,8013,5781,9747,6361,6668,8259,7637,6064,9426,5947,7188,6529,6080,5807,8456,7404
c27,19140,20086,13785,23396,11208,18172,11796,14178,13929,16764,12455,15750,17545,19236,21437,19324,14913,21659,13710,17077,14175,12061,24348,11746,14484,13720,12425,12807,16260,8351,16514,16055,9714,9285,11650,15233
c28,8647,8784,7068,8718,4851,7532,5324,6787,6635,5571,5622,7460,8960,8597,8724,7675,5271,9195,5430,8213,7127,4739,9344,5720,6109,8149,5959,5682,7845,4662,6635,6088,5452,4958,6679,5376
c29,14963,17508,12384,15140,8832,11724,6546,15297,12433,11658,9212,16124,17051,15798,15847,9020,10367,15713,9010,12259,11832,8252,14879,9010,9631,12559,11695,9146,15070,6847,8622,9887,10554,9232,10932,9217
c30,12557,11132,11695,12931,6783,8186,7799,8097,7361,5574,8722,9284,10097,10049,13852,8133,8665,14745,9491,10918,9137,6064,14518,6595,10680,11448,7779,5918,9585,4227,6341,9062,6237,8243,9135,9187
c31,19805,23403,17764,18055,11882,17717,11634,15246,14824,11823,11711,17431,20277,16406,22313,14126,12759,20998,12393,18785,15586,11707,20992,12713,14653,18072,15404,11329,19103,11372,14447,14173,14012,11655,15794,17443
c32,15143,17160,12875,15409,8845,14264,9103,13080,11704,10381,10502,14595,17926,15245,17378,14451,10294,16155,10085,15353,12757,8971,17191,10200,12110,14414,11426,10426,14084,9221,11482,10582,10602,9343,13116,11680
c33,18031,17767,14164,17305,10037,16075,10463,14756,13341,11662,12687,15652,19741,17363,20411,15038,11971,20203,12665,16496,13789,10436,18717,10666,12463,16079,12944,11330,15769,9661,12553,11674,11480,10562,13584,13231
c34,19060,26928,19527,25855,14995,20107,14708,13976,16969,16562,14909,22820,28079,29539,21332,18346,15039,23761,14650,22453,13800,15891,26272,11081,11291,18500,15078,13606,15558,14437,15349,17564,12434,14298,19938,17443
c35,20454,22172,17435,20681,11962,19044,11972,17178,15905,13899,13793,18985,22125,20706,22393,18988,13738,22356,13878,20834,17242,12247,22094,13822,15434,19027,15470,13891,18787,12383,15779,13704,13623,11853,17394,15514
c36,9641,10297,7866,9612,5575,8600,5688,7947,7199,6375,6428,8746,10231,9542,10353,8825,6390,10249,6384,9576,8088,5613,10336,6248,7315,8727,7157,6431,8760,5591,7182,6326,6410,5544,7904,7148
c37,24917,25091,20773,22573,11752,19865,14081,18898,15795,15582,14726,23345,22877,21116,24653,20649,15050,22393,15681,23026,20077,14723,21619,14179,16484,19017,16469,14722,19872,13493,15928,14315,15165,13859,18011,15818
c38,12655,15300,11309,13552,7291,11631,7525,9380,8605,7973,8686,10968,14596,9701,13823,12134,8602,14148,7010,13198,9784,7864,14746,8525,9410,10826,11167,7802,10780,7279,8788,9297,8206,7038,10162,9692
c39,8851,9806,7496,8910,5121,8021,5219,7394,6522,6056,5737,8263,9822,9036,9828,8257,5842,9607,5938,8731,7225,5138,9573,5967,6623,8259,6489,6024,8161,5139,6791,5884,5938,4960,7593,6834
c40,15227,15276,9687,15427,6708,14337,6673,8854,9162,11018,8492,12563,13716,13836,14542,12715,9511,14723,7365,10913,11981,7572,14820,9238,8636,11807,11341,8179,10734,8954,9035,8180,6874,7041,12860,9922
c41,11248,14024,11414,11024,8145,8770,6446,10106,9098,8897,8078,10823,15644,11754,12887,10380,9220,16055,8593,13220,8426,8432,15285,10422,7912,10605,9384,8414,13528,9640,6617,7827,7930,8996,10096,10998
c42,18066,13706,14053,16490,9483,18317,8427,14565,13345,9320,9485,13385,15894,18151,17950,10967,11428,18113,12201,18085,13880,8025,13681,9316,13404,11270,10978,10678,12913,10571,11598,10470,11631,7571,11520,10146
c43,8858,13564,4954,7058,3354,9460,6175,8525,7902,4810,4605,9550,12561,5977,9887,7781,5071,12527,4904,6296,6868,5566,10508,5163,7269,7478,8792,6287,7303,4834,7759,4490,6529,4861,8213,4586
c44,18696,26805,19778,21845,11058,18869,13363,15876,17366,12626,14611,20638,25685,22544,22179,22668,16184,19958,12973,19944,19242,9931,19673,13011,15395,17091,15762,10646,18512,13798,12586,16426,13316,12878,16163,15820
c45,12580,10681,12673,9918,7603,11798,8835,8987,8114,9134,7160,11065,13849,12275,16696,11123,9226,13967,7285,12074,9975,7183,12974,8212,6799,12225,8195,10299,8490,8126,10551,8347,6503,6413,10013,9003
c46,9314,13124,7321,9672,6113,8507,4519,6558,7069,5125,6154,8637,7753,8459,8631,7996,6713,8659,5603,8466,7555,6143,9468,5871,6071,9601,8452,5210,10687,4215,7261,5846,5177,5723,7869,8876
c47,10249,13811,12346,14090,8057,11524,5697,13000,10246,8520,8078,10408,14061,12731,12220,7645,8272,11356,8421,12572,10149,7535,13364,4338,8623,11069,9172,7774,10045,6631,8482,9035,5578,5660,12031,8762
c48,15545,16350,9876,13954,8056,13325,7831,12405,11185,10363,10276,14325,17148,18060,15493,11890,11159,16979,10129,14970,15489,8040,16644,9374,11517,13366,11010,10504,13861,8478,10611,10190,10250,8672,11980,11333
c49,17822,16029,8843,21442,6562,14685,6374,13797,6051,8978,8262,12779,14754,20058,17063,8822,10526,15427,8385,15272,10829,8149,15522,8637,11403,9675,10674,8082,15194,9498,10613,7509,10818,8247,10831,9935
c50,23365,27530,21612,26112,13993,21900,14297,19188,18752,15186,14968,21628,25866,23185,27087,22290,15576,24131,15647,23086,20231,14566,25428,17670,18555,22128,16601,17153,23097,13885,17621,16094,17161,13756,19362,17466
c51,12572,12418,11081,13428,6961,10492,7055,9104,8718,7586,8164,11210,13742,10162,12519,11146,8894,12029,7590,12713,9982,7951,15436,7950,9640,10971,10654,6465,11198,7067,9453,8455,7682,6894,10988,8762
c52,24047,25282,20413,22951,13157,21740,14223,20400,17645,15914,15654,20350,25815,21419,25748,22470,15028,25059,15468,22614,19667,13020,26343,15311,17703,21330,17318,16116,21127,14519,17410,15465,16127,13232,19680,17591
c53,11843,11267,9124,11165,6383,9994,6195,9917,8438,7188,7150,9477,12857,11566,12358,10182,7224,12545,7187,10799,9303,6006,12193,7621,8240,10171,8850,7718,10735,6586,8124,8003,7257,5992,9211,8035
c54,7236,7995,6477,6750,4235,7007,4127,5941,5331,5525,4804,6684,8557,7483,7907,7365,4778,8550,4754,7657,6481,4065,8286,5102,5602,6763,5338,4802,6919,4674,6062,5262,5035,4508,6317,5544
c55,10560,10327,8794,10688,5800,8810,6353,7757,8163,6493,7021,8685,10082,10624,10449,9496,6682,10724,6855,10032,8064,6000,11623,6549,8273,9275,7353,6991,10120,5914,7717,6957,6525,6006,8580,7656
c56,14058,15040,11774,13339,8430,12969,8643,12466,10567,9795,8766,13533,15509,14514,15760,13270,9658,14334,9140,13574,11182,7977,15621,9775,11855,13621,10537,8723,13089,8923,10212,9511,9218,8834,11243,10451
c57,20741,20340,16910,28807,10856,16733,9171,15813,18625,15288,12317,17076,26018,22153,22277,21190,10583,25888,13970,19594,8968,11704,15887,13130,18205,16454,15424,10648,18370,9339,7746,16629,16135,10744,13315,14813
c58,14443,13728,14744,12630,8943,12536,9045,12484,11555,10392,8718,14516,14576,11479,18175,13177,10237,17941,9749,13436,11993,9596,15527,11006,10462,14372,11408,8938,13698,8962,9915,9938,10826,8484,11469,11313
c59,11627,10808,9165,13148,7445,8993,8107,8826,7931,6998,8354,10926,11450,8484,11605,12291,8759,14903,8542,13320,9164,7183,12336,9446,9964,8676,12054,6917,9093,6378,10522,7598,7315,9085,10277,10031
c60,12818,13485,11978,11796,7823,11229,6271,10397,10323,8322,10146,10720,15363,13579,15665,11652,9359,12100,8898,12215,11553,8075,12240,8127,10993,10551,8628,9793,11339,8247,11912,8532,10135,7943,10978,10919
c61,11070,10141,9327,10394,5251,10465,6678,7927,9751,7371,6608,10743,12672,11045,11603,9464,7360,11283,8075,10393,9451,7607,13588,7467,7514,9994,8537,7117,11756,6241,8222,6252,7494,5547,8987,8457
c62,21294,22528,18407,23074,12177,19401,13287,19156,17154,15172,14818,24710,22315,23790,31507,20650,15490,24647,12771,26414,17083,13882,23767,15482,19480,20219,20694,13447,23296,13708,15872,16362,16722,10568,22366,15062
c63,12920,11995,11065,9754,4553,11132,6707,10287,9402,8214,6978,7633,9721,6917,12045,10120,7604,13144,7226,8816,9922,5380,12302,7394,5270,12948,8340,6329,11098,6725,7738,7126,7523,6530,6380,7007
c64,12166,12393,10110,11674,7170,10973,7284,10494,8821,7573,7199,10490,13781,12113,11266,10222,7768,12107,8044,13058,9039,6607,13155,7826,8770,10309,9342,8482,10441,6463,9222,8148,7395,6852,9625,8917
c65,19460,20922,15518,19135,12260,17651,10939,15138,14315,12894,13301,17778,23084,18596,19925,18051,13287,21793,13858,20294,16630,11635,20788,11986,15008,16434,14006,13451,17603,10682,15227,12314,11124,10343,16289,14271
c66,18718,20475,15505,18607,10975,17177,10927,15505,14037,12507,12332,17156,20219,18626,20154,16977,12349,20320,12486,18920,15516,10819,19978,12495,13762,17103,13928,12354,17076,11162,13893,12426,12456,10813,15212,13944
c67,24090,23914,12500,28789,11720,24375,18362,19142,22912,16236,16590,21648,23721,20316,26186,17914,16734,32085,24394,14476,21158,15660,27606,14470,19360,17179,17747,15587,22252,15681,15693,15946,17001,17551,20817,17888
c68,10618,6153,5716,8738,4748,7385,5746,7002,5711,5823,7452,5812,11324,9970,9750,7205,5234,6741,4403,7806,8060,4758,5966,6678,3834,6876,5981,4811,6994,3746,4983,4092,6901,4523,6334,5465
c69,18169,20406,15569,18372,11076,17273,10592,15169,13733,12304,12383,17326,21061,19589,20976,17929,12614,19356,12536,19738,15618,11635,21737,12522,13617,17712,13409,12895,17755,10417,13488,12232,12705,11308,15839,14096
c70,16699,18187,14148,17090,9685,15298,9673,13768,12567,11339,11238,15479,17869,16942,17854,15452,11126,18157,11250,16730,14106,9690,18387,11194,12635,15674,12751,11187,15189,9868,12726,11147,11352,9760,14325,12536
c71,20746,26196,19084,25582,12197,22017,13394,16444,16260,16225,14514,19763,23037,24037,24981,21777,15536,21687,14796,22507,18259,13712,23396,16212,16343,22801,18451,15352,19446,13059,17056,15270,15264,12824,17477,16847
c72,10342,9343,6498,8165,5004,8276,5641,7035,5945,5036,6014,7920,9598,9493,8509,8157,6094,10973,6865,8044,7175,6167,8649,6675,6711,8432,6044,5446,8240,4567,7092,6065,6282,4699,6882,5999
c73,19853,30852,22633,26363,11327,21199,13802,18926,18320,19024,16673,27168,30371,30929,32664,20171,20199,25730,13346,29081,23634,13066,33441,16667,16884,32252,15106,12259,23792,12840,12569,17041,16590,14987,13963,16251
c74,11789,9763,8074,8912,7263,7640,6674,10558,7440,7450,7419,10870,9291,7687,9240,8271,6102,9047,8234,11934,8986,6479,11457,8131,5431,9472,7195,7016,10589,5005,7192,3372,5165,3723,9587,8052
c75,20929,19426,16002,22304,11432,15342,11163,16316,15325,11598,11949,20023,21602,20360,22242,17303,13705,21564,10830,20636,17048,12106,19897,13642,14533,15027,16180,11515,19685,10595,14374,12503,14117,11910,17112,14911
c76,10258,25943,11295,20065,11084,16994,10071,11786,15089,9742,11361,17468,24484,8953,20227,16644,12570,16777,9905,19169,11209,11937,16627,12502,10996,17101,12760,11352,12452,9383,11417,9802,13301,8840,15300,14020
c77,11248,12623,9087,13235,7508,9788,7029,10329,10323,7367,8638,9642,11768,11842,15740,11231,8170,13399,6170,12684,11616,8164,13861,7042,9344,12701,8945,9858,10918,5342,9863,6674,7219,5160,9642,8574
c78,19788,19789,15891,19681,10626,17439,11767,16121,14517,13905,12302,18553,20296,21584,21717,18543,13979,22095,13420,21516,16898,11970,20050,13426,15262,19088,14822,14169,16039,10972,15446,12944,12539,11539,16051,15409
c79,11694,12639,10188,12942,7590,11563,7090,9214,9822,7712,6361,9511,11634,9744,14433,10127,8510,17055,7394,8737,9198,7424,14264,6550,8437,11403,9284,9330,12199,6133,10206,9462,7152,7617,8324,7232
c80,12869,13384,10249,12299,7331,11064,5996,8758,8918,7904,7517,11448,12706,11722,13156,11782,8771,12704,8428,13057,9440,6651,13879,8207,8201,10568,10263,8385,11992,7764,8797,7907,8976,6769,10748,9354
c81,13625,15694,11983,13642,7972,13903,7863,12198,11494,9690,8566,12675,15430,13583,15548,12817,8906,15648,9865,14904,11613,7790,15192,9675,9845,12251,9428,7835,12697,8611,10596,8374,8031,8527,10975,11839
c82,16498,17267,13901,16302,8138,13859,10084,13056,11383,9752,10602,13772,12288,18178,18637,11373,11520,15729,8124,14357,15332,8882,13719,9606,10323,16690,12029,7239,15508,6987,10526,8327,9473,10019,12099,11562
c83,21524,23785,20068,23339,12332,18924,13593,19498,16280,16070,14359,19580,23880,20494,23401,21058,14027,22974,14970,21697,17913,13340,24201,15586,16125,20285,16969,14361,19796,12112,15924,14396,13518,13254,18366,15992
c84,18479,20046,15526,18457,10877,17046,10788,15577,13806,12504,12242,17012,20125,18353,19865,16848,12201,20099,12254,18401,15327,10788,20307,12321,14031,16919,14126,12435,16676,10776,13725,12238,12678,10957,15437,13995
c85,12446,10352,8596,11891,4376,12186,4695,11801,8683,5102,9714,11188,11363,11488,11890,8293,9385,13556,7285,12071,10720,5546,11554,6210,8474,8443,9142,10326,9539,6960,8860,7702,7854,5998,8162,9680
c86,11184,12875,9490,11581,6591,10170,6747,9575,8136,7187,7803,10936,12266,10894,12305,11204,7528,12741,8030,11003,8679,6512,11826,7532,8054,10760,8847,7375,9659,6604,8270,7091,7289,6469,9595,9017
c87,20422,21354,16115,16302,11333,15744,11619,14242,15536,14386,11690,18878,17629,20147,22719,20640,11733,19252,11518,18894,16300,11332,24365,13483,15893,15271,14193,11017,15135,12408,14140,11200,10887,11393,13888,14914
c88,9755,12290,9729,11336,6456,9376,5586,9483,8911,7294,6924,9847,11562,10927,12340,9162,6510,12892,6476,10202,9437,6280,11248,6903,7776,9331,7893,7315,10714,5991,8172,6900,6843,6149,9080,8227
c89,11264,12107,9836,13690,4999,9471,5466,9529,9148,6334,8377,6706,9784,10186,9812,8910,7302,10282,7373,12929,7882,5967,9268,8308,9186,9413,8720,7235,10084,6735,7809,8661,5482,5888,7395,8991
c90,9284,10043,7631,9182,5355,8454,5506,7562,6908,6291,6170,8542,9818,9185,10230,8339,6117,9975,6104,9214,7704,5410,10193,6091,6950,8520,6842,6145,8416,5338,7058,6114,6102,5446,7652,6954
c91,9302,9515,7932,8752,5251,7977,5247,7844,6611,6115,6198,8238,9326,9047,9753,8633,6194,9689,6150,9041,7447,5235,10286,6257,6878,8577,6794,5733,8078,5269,6786,5653,5997,5041,7285,6672
c92,10805,15755,12088,13762,6318,13336,10833,12720,10865,7874,8459,13912,15711,13796,15856,10365,8089,19210,11837,10499,17456,8721,12186,8114,8870,12989,11010,8880,12249,8665,10116,5853,10337,7113,13252,7754
c93,22324,22315,17745,22054,11209,21710,12592,18950,16001,14810,14746,15477,23123,22021,28067,23118,13246,20883,13028,18950,21033,12352,23607,14955,15391,17075,15673,16462,20419,13446,15825,13821,15131,13744,19805,13968
c94,18596,22233,16553,20290,12228,17903,11735,16644,15259,14444,12769,18017,23277,20545,21447,19396,13259,21906,13160,20254,17312,11708,20192,13576,15044,19115,14289,13837,18942,12087,14876,13049,13186,11740,16966,14914
c95,17627,21068,17064,14930,13129,18319,12191,15347,11867,14159,13696,16423,19665,15427,20970,16647,11246,19698,9851,19194,13387,11707,20579,10302,16010,22737,15102,13598,15502,15085,16498,13630,14932,14204,16200,13720
c96,11156,16501,11253,11369,6817,12730,8061,9040,12317,7969,9028,11765,13124,9509,15783,14475,7646,18231,8500,14827,9127,7107,12503,6622,10182,14113,5918,9172,10777,6619,8016,7504,9326,5407,10715,8805
c97,10325,10452,11442,13772,7474,9273,6401,8674,8460,5406,8790,10041,12175,11376,10665,10115,7359,15616,4331,8473,9666,4505,14238,7912,8008,10286,7642,4970,9287,5110,5896,8197,6808,6209,5556,7607
c98,8894,9552,8262,5731,4586,8910,5068,7104,5181,6047,6383,6137,10768,9484,7306,6424,6655,11034,7476,9461,8230,5974,7955,6771,7475,8528,7034,5991,7671,4849,5863,5550,5985,4827,6399,6326
c99,20453,24977,17755,15073,13532,12514,14921,14177,16871,14363,13285,19183,26519,23429,21086,19899,13714,29843,16945,23152,16319,14361,24577,16578,11338,16128,16515,13674,20948,12075,14939,16418,13934,10779,19650,15838
c100,22420,26857,18828,25435,14260,21571,13196,20827,19478,14765,17926,16965,27924,27857,23157,19978,16899,27034,17968,26360,17940,14130,26706,16256,20744,22638,18734,14500,21682,12286,17743,13669,14789,13801,19295,16695
c101,22045,25095,19459,23170,13595,21735,12632,18287,17154,15878,15763,20815,24116,22531,26062,20912,15070,23802,14378,22681,18909,14029,26476,14701,16725,20431,16556,15139,20672,13343,17256,14893,14950,12965,19828,17109
c102,11478,14160,7085,14623,5958,11007,6584,8204,6350,7302,7054,12290,12741,12536,12990,13196,8356,13371,5730,12835,8437,6572,11573,8342,9799,13446,8844,7026,9640,6647,8932,10177,8692,6600,8859,6444
c103,19046,23442,13372,18361,11325,18652,10928,15077,13772,12206,10398,17417,19919,19519,20791,17566,13715,19945,13180,17072,15006,11822,20784,12673,15305,16602,12669,11521,16547,11030,13625,15191,12162,11955,14853,13728
c104,24180,24920,19712,24006,13187,21522,13197,19606,17546,15538,15385,20725,26455,22932,24557,22354,15683,24974,15618,23242,19823,12688,24393,15931,17039,20838,17606,15748,21368,13509,17576,14827,14994,14009,19415,18245
c105,28241,26421,22164,24808,16955,24784,16274,27507,18682,18269,16178,22684,30707,22139,28271,25087,16256,30849,19954,27722,21097,17910,33946,17128,19691,25731,22352,13174,25122,15549,16379,20549,18606,16225,18719,19284
c106,32729,23408,12108,23586,13703,21833,14244,19625,16910,13466,9550,16394,26690,24947,18188,15199,11501,18675,17417,22512,20439,13670,25195,15020,16710,21963,14227,12385,20070,13531,12932,17926,14902,11210,17888,15435
c107,16699,13225,12309,13440,7475,14087,8077,11327,10981,8060,10064,11464,17449,15602,16913,13672,8734,16471,10864,13710,13530,9591,16406,9118,10786,13969,11281,10616,13779,9306,12775,11405,10070,10355,11684,10190
c108,25600,26018,17247,20964,13220,23119,13803,17864,17460,17176,15634,22692,25762,26300,21886,23605,16502,23865,16990,22373,15849,13833,26828,14030,19446,21689,16538,14184,18416,13077,14732,16966,17501,13665,18299,22146
c109,11402,9517,7833,8706,5320,9877,6110,8044,6767,5555,7735,9745,12438,12864,9250,8609,6095,13152,6694,10286,8395,5907,11099,7746,6854,10689,6806,7042,8749,5607,7164,6666,7750,6214,8484,7036
c110,20210,21687,15932,19576,11586,17384,10841,14781,14556,12698,12355,19158,22645,20194,21393,19142,13357,23652,12749,20906,15095,12690,21568,13210,14020,18612,14355,15047,16701,11394,15850,12635,12510,12135,16305,15431
c111,24576,26316,19451,25943,12679,17805,10708,18502,15599,12425,15370,22494,24751,20302,15122,17173,13205,22762,15125,22663,20285,13908,21759,13503,14693,19727,18113,14686,19164,11942,11454,14138,12109,14086,18344,20507
c112,12338,6253,8430,8196,4801,12213,7698,8605,9011,4644,7269,8863,12584,11113,12506,9006,6962,11430,6173,9581,9658,6509,14256,7258,5812,10935,4045,6902,6959,6111,6495,3691,6739,5385,7876,8157
c113,11995,12510,10655,11743,8219,9714,7507,9110,10596,6707,8265,10453,12116,11722,12450,9298,7579,14439,6983,12644,10948,6977,11042,8910,8087,10999,8887,7090,9947,7274,9003,7459,7658,6601,11004,9293
c114,9288,9760,7309,9012,5098,8384,5221,7183,7222,6171,5863,7990,10405,8597,9406,8371,6204,9747,6025,8795,6987,5127,10061,6011,6611,8120,6738,6328,8855,5349,6350,6147,6241,4796,7862,6840
c115,20596,26731,18585,21714,13913,18962,11634,18946,16128,14783,15528,20603,24331,22883,26861,22091,14963,24951,15189,23946,18287,13073,24752,14998,17459,23013,18893,13502,20486,12117,15929,12672,15094,13059,18926,16069
c116,17650,24166,18215,17168,11211,16206,13148,13655,13897,11123,14426,18869,22942,22870,26222,17485,12943,15413,10621,17846,15668,10112,22615,11334,16556,17498,17181,15472,19491,11934,12373,13227,11714,12859,14788,16652
c117,21121,23992,17734,21934,12615,20396,12797,18174,16438,14274,15038,20411,23343,21676,22776,19785,14686,24133,14677,21869,18045,13044,23330,14538,16511,20109,16962,14505,19994,12659,16714,14431,14790,12900,18484,16133
c118,25891,25399,21567,20915,14008,22194,10063,17331,16833,13470,17594,24314,31300,24340,20493,22931,16270,31812,16292,26975,17646,15492,20665,14044,15840,20848,15701,15720,16537,13480,14468,15098,13791,11103,15622,21495
c119,17185,17247,13934,12156,10049,16121,11208,12848,13219,10550,11833,16265,14034,17304,22573,16303,14304,23616,12210,18408,20355,8529,14823,13934,12781,14238,14110,7182,19969,10436,12695,11062,10388,8876,17282,11620
c120,20736,26404,17933,22189,15606,13426,10145,17680,20726,13386,18096,17768,26005,19697,31624,25092,11810,23882,20842,18997,16550,13018,20393,19529,14880,22243,16466,13319,22612,10357,12872,12944,14267,9890,25231,17988
c121,22651,24326,16427,18572,10856,17266,13726,16833,13238,11810,12647,19793,21406,23062,21668,17910,15342,17406,12969,21139,14764,12562,23728,14795,14509,17229,14141,13874,15753,12872,14657,13594,15114,11700,16823,14432
c122,9125,9547,7110,8812,5101,8405,5282,6911,6242,5826,5610,8258,9298,8353,9430,8142,5692,9759,5656,8941,7216,4916,9663,5902,6370,7858,5961,6048,7842,5368,6447,5686,5960,5256,6934,6368
c123,13172,25048,15475,19190,13014,14408,10686,11993,17155,12074,10018,19567,22543,17436,25509,15326,11942,23335,12363,19022,16257,13848,21420,14794,12830,17675,17399,13034,14099,14124,15671,15854,14094,11520,16715,14382
c124,12127,10594,8200,11015,7856,6706,7538,9014,8969,6006,9286,10830,7671,9713,13303,12683,7811,15179,9802,10948,8699,6410,7652,5396,7892,10417,9237,9266,4821,6119,7404,4838,6983,3899,5491,8467
c125,11730,12372,9653,11050,6857,11127,6857,9952,8848,7874,7736,10965,12474,11375,12498,10922,7606,13077,7752,11419,10053,6917,13163,7858,9116,10872,8914,7799,10875,6819,8481,7806,7774,6781,9881,8539
c126,8783,12650,10221,14975,6262,11686,8586,9816,9184,7620,8166,7229,10179,10920,10721,8835,8923,11354,8443,13270,10245,5069,16042,8772,9649,9855,10729,8336,9428,5781,6564,5701,8418,6460,10474,8570
c127,18578,19890,14885,18108,11260,16679,10355,15633,13650,12274,12742,16858,19542,18852,20868,17164,12111,20667,12361,18960,15146,10639,19397,12390,13568,17259,13853,11496,17453,11098,14504,11942,12558,10979,15547,13442
c128,10538,13710,12368,18442,6896,15690,7633,13778,9593,13017,11130,12976,12319,15929,16790,19792,12630,23600,10122,16538,17944,8764,22354,9887,11085,17579,14126,12186,19487,10639,12297,13098,10052,11087,12155,16638
c129,14575,14578,11696,13295,7778,12060,8953,11173,9307,9065,9054,12001,12953,12205,15915,12916,8018,13482,9157,12402,11025,7844,14736,8905,8819,12408,11057,8326,13028,8115,8872,9153,9121,8434,12187,10009
c130,28010,24159,24818,28400,13522,25288,15968,21410,18878,13466,16579,23137,30195,27716,27360,22719,16250,38050,13051,27329,19772,15541,23916,17303,16422,25456,17419,17979,25641,18934,15495,17078,16363,14000,18641,21776
c131,19374,20146,20232,24280,12474,21484,11048,21777,15414,14711,12848,19780,20803,22830,23488,21129,14030,21960,13708,24926,18368,11691,19211,16072,16874,22029,19301,11018,12119,10002,15838,14368,14381,13493,20828,19317
c132,24664,27115,18948,24552,10907,23562,12687,22255,19575,15718,15436,21234,22425,21464,25656,23043,15882,25373,13950,22768,17512,12518,26572,13946,19765,21981,18811,15852,22391,14654,16203,15924,17503,13581,21067,15626
c133,18317,21679,20799,13216,10673,21008,8635,18094,13829,10266,15351,23605,27027,17017,23654,24839,13978,19889,12237,22670,11002,15077,16922,10942,17241,18215,12379,17645,14752,10075,15937,14834,11283,12425,22305,19657
c134,8198,8824,6798,8179,4614,7369,4816,6604,6100,5348,5441,7500,8546,8149,8870,7379,5442,8914,5260,8141,6772,4647,8782,5379,6022,7531,6008,5345,7396,4754,6189,5402,5423,4738,6709,6134
c135,14898,15995,12256,15208,8899,14113,8748,13347,11789,9447,9953,14924,17208,14893,18044,13132,10408,16706,9759,14929,14577,9185,15742,10970,12071,13209,12839,11007,14851,8238,10672,10496,9197,9090,12429,11605
c136,26501,23096,15837,22546,13612,22925,14127,21497,17629,18958,16314,16990,26342,24329,26989,20347,17869,22824,15346,22181,19953,14813,23438,16425,17069,23652,17563,14431,20512,14190,17336,16904,14369,14872,21929,18041
c137,24569,26021,21451,21964,19009,19476,10721,20136,20693,17434,15621,24153,24245,24134,28825,27282,17740,27208,18618,26564,20130,17075,25347,16075,19994,22876,24898,16408,27092,16963,21501,16010,18962,12524,20463,22517
c138,7524,9425,7844,8758,4887,6301,4820,7961,5336,5558,5373,7647,9159,7141,7818,7592,5855,8520,5580,7036,7868,4850,8783,5720,6911,7327,5667,5181,7193,4618,6185,6017,4186,3968,6385,6675
c139,19288,21181,17216,17371,10003,18779,10617,13955,15627,10946,8355,17298,20110,20495,19296,14696,12685,20285,11730,15041,14242,10678,18897,12009,14947,15412,11763,11668,17108,10627,16258,12726,11717,10291,11440,14020
c140,15757,17233,13389,19337,10497,10963,9820,12225,17700,12455,8506,15429,20860,17173,22224,11873,9923,18290,13184,18182,12790,12682,14054,9744,16048,18379,13959,11692,18899,7408,8727,10628,12734,9428,10056,12905
c141,21894,28055,13176,17729,10988,23295,9963,18134,18389,15866,14756,21925,23124,20810,20271,17667,14050,16727,16420,19132,12285,9823,21061,13174,16097,19859,20151,14422,14407,13271,17834,13408,14384,12578,18440,10859
c142,23617,25407,19792,22830,12834,19806,12424,18215,17631,16288,15296,20112,23687,20590,25039,20349,14214,23293,14658,24368,17553,13097,24660,15014,16276,21459,17966,14046,20714,12586,16245,14714,14487,12566,16811,17060
c143,25956,22781,17325,24199,12321,18534,10879,18214,18545,12646,14444,24949,24398,18760,29315,17823,15438,22738,15594,21928,15642,13399,27095,13142,19169,24426,14774,16062,18884,13229,16632,17802,16472,12531,17413,19063
c144,11723,12761,10209,12810,7099,10947,6913,10714,9314,8367,8302,10793,13049,12454,13346,11409,7921,13315,8005,12594,10390,7193,13425,7873,8720,11194,9340,7691,10646,6785,9071,8106,7998,7034,9830,9115
c145,8344,9290,9690,12004,6246,9206,7566,4460,8403,7821,7442,9967,8141,9325,11132,7875,6070,13725,5993,11038,8874,7558,9597,7410,5702,9219,4451,8273,8535,6391,8549,6698,4016,6868,9358,7079
c146,14737,21217,15788,21152,11731,15062,10830,12518,19724,13942,15958,18865,15361,21832,32019,18944,16434,24287,15759,22240,16631,11491,23303,10102,15890,19580,17271,12102,18385,11931,14431,12921,11557,10669,20044,11958
c147,11503,19093,13738,17718,8526,12249,9635,9343,13866,12313,11339,15209,18114,17458,16162,14542,9767,13074,12816,17530,12365,10454,11697,11339,11415,15264,13505,11043,17134,9231,11813,9864,11964,9962,11342,14653
c148,23707,29388,17270,25408,13287,20057,9329,20694,17331,10355,14446,22006,20115,22717,20952,18213,18638,24769,13606,25385,22255,14704,27152,16295,18320,24901,15358,18474,19325,12969,18746,16302,15737,14188,22946,16719
c149,12275,13263,10142,12056,7186,11131,7250,10119,9076,8092,8098,10930,13156,12121,13521,10966,8128,13099,7784,12268,10294,7060,13371,8065,9117,11200,9083,8189,11131,7078,9228,7901,8070,7022,10062,9074
c150,22831,24150,18428,22614,12806,20570,13541,19256,16623,15354,14659,20978,24083,22170,24635,21013,15054,23235,14766,22016,18813,13140,24102,15114,17231,19720,16487,15258,21823,13190,16787,14725,15285,12584,18138,16551
c151,14579,15969,11450,14346,7547,11706,8187,11075,10056,8461,8791,14736,14869,12647,17248,12020,8808,12199,9879,15956,9230,8706,20437,8752,9099,13398,9250,9254,10006,7825,11230,8931,9191,7800,12525,10330
c152,24902,32786,21727,24050,16387,21457,13540,22119,17317,18720,16713,24961,24469,22277,30186,26536,15856,28081,17029,22568,20340,14011,26348,16405,18031,19359,14868,16093,20932,16324,19979,15008,14309,15807,23887,18006
c153,9854,11032,7670,11945,6744,9121,6490,9851,9428,7574,7398,10515,9047,10595,11422,8961,7978,12645,8386,9815,5419,7459,12929,5874,6823,10021,7007,7951,10847,5344,6706,6616,6434,5920,9990,5584
c154,26482,18649,15618,20648,15132,18514,11870,11429,14117,16023,14523,18865,23105,18814,24548,20467,18112,12723,11906,20909,11967,12559,13576,14461,19353,19397,15041,14428,23524,11151,14225,9860,14654,14533,15903,16249
c155,14598,15578,11957,14383,8780,13214,8559,12634,10867,10074,9826,13465,15974,14461,15685,13011,9651,15282,9726,15061,12232,8456,16614,9969,10877,14003,11477,9693,13716,8527,11123,9800,9636,8664,12392,11111
c156,12335,13000,10301,12246,7123,11089,7003,10049,9078,8275,8128,11198,13114,12222,12886,11114,8087,13309,8175,11963,10274,7087,12873,8114,9102,11079,9302,8149,11300,7165,9047,8278,8057,7272,10201,9328
c157,12706,14366,10361,13765,6936,11000,7885,10350,9851,8926,8129,11413,13523,12528,13534,11716,8481,13586,8202,12264,11222,8051,13638,8378,9654,11152,10110,8616,11848,7575,9680,8325,8720,7262,10350,9591
c158,13471,18321,11688,17222,9080,13564,9274,11941,10397,10289,9523,12355,17113,13573,13573,11781,9234,16387,8386,15361,10236,8426,15003,9002,10836,13383,10040,9142,13274,8414,10562,9398,9855,7631,12328,10877
c159,20282,25602,15919,24258,13113,23317,14693,17757,15559,14696,14497,20843,24864,23300,21798,15221,14342,24967,14411,26261,19981,13138,23353,16255,16616,25518,15639,16674,22064,14389,17552,15210,13119,12835,17862,13384
c160,21911,24801,18286,21932,12103,20494,11987,16703,17020,13233,12645,19966,25515,21095,23479,21960,14483,23225,14061,21364,16659,12876,22497,14550,15665,19786,16296,14517,19732,13376,16140,15173,14070,12275,16517,16067
c161,19580,24816,18277,24182,13231,19473,13107,22639,16804,17384,15580,20264,27180,26254,24223,19190,14142,23820,13550,24028,16609,11078,24626,14352,16594,23296,14495,11230,17845,15177,18374,15031,14369,14491,18667,20012
c162,21962,22313,18472,19460,12076,19509,12377,17617,16099,14267,15288,18640,24740,20573,20926,18350,14430,22698,14021,21468,16954,12368,23027,13983,16288,19386,16525,14124,19522,13121,16128,14235,14222,12779,18031,16559
c163,10478,10516,9238,10126,8271,8053,5998,10212,8414,7981,10503,7391,13647,11470,13536,13366,7614,13605,8161,14851,9599,6024,8457,8022,9497,10403,9510,7931,10096,7627,11253,8394,7517,7217,9154,7961
c164,21944,23153,17896,24602,15119,21481,12920,19146,17297,16545,14840,22229,25887,23419,25150,19592,15317,25120,15761,23088,19139,14165,24337,15588,17299,21540,16925,14547,24090,13111,17070,16573,15617,13691,18744,18232
c165,9472,13481,10389,9923,6843,13296,6273,9192,8715,7558,7486,8363,10297,11254,10611,10315,7558,8389,6978,10433,9470,6182,10317,7815,7467,10683,8327,6665,8987,7426,7167,6196,7116,6533,8666,8663
c166,14267,17882,10023,13853,9302,13146,8164,10539,11898,7764,8379,12871,13248,16352,14126,11127,8881,14112,9873,14978,9857,8249,14256,8518,10440,13858,12391,10624,13012,9925,7165,8905,10022,8784,13538,8782
c167,14419,14491,9667,10950,8449,8339,5540,12598,8927,6819,8148,9391,11353,7837,13420,10484,7987,15477,9489,13451,10639,6178,9458,9074,11968,12258,8462,8003,14095,8730,10199,10114,8582,6775,11081,11954
c168,28058,19107,17513,23507,15653,18992,14512,22206,23044,16230,18345,22002,26887,26609,24513,17419,18905,29328,15735,22660,21625,11910,17967,12020,14558,22271,17575,14658,22992,17893,15757,16898,17437,11029,21709,13185
c169,11436,8822,8274,10309,5870,8525,5321,9199,8230,8571,7103,8636,8694,9378,9365,8334,6410,11591,6548,10424,7619,6597,12454,6678,8528,11088,9504,6702,10195,6156,8140,7581,6450,5453,7251,9103
c170,23348,25442,19276,23372,13596,21221,13811,19889,17661,15657,15587,21766,25334,23576,25159,21712,15866,25735,15587,23272,19169,13538,25552,15581,17360,21494,17584,15374,21725,13646,17969,15573,15470,13743,19594,17717
c171,12103,12691,9658,11207,6810,10150,5907,9347,8123,7211,7121,8918,11571,11323,11427,10029,7226,11929,7112,11089,9079,6684,12849,7070,8781,9830,8419,7253,9658,6326,7886,7306,7129,6353,9456,8160
c172,8372,9472,6146,8496,6276,7618,5918,7240,7390,5456,5278,6961,9395,9989,10881,9573,5884,8251,5302,8005,7174,5247,8779,6310,7056,8847,5952,6048,9580,4951,5884,5849,5938,5772,7740,7109
c173,8053,11271,9951,9877,5832,10199,7765,7634,6912,5622,7770,11250,12524,9241,13317,12613,6947,13222,9522,11308,7815,5503,13854,8282,7296,9208,7176,6731,8341,7650,7412,7729,6734,6600,8710,9917
c174,23105,25251,20625,22378,14563,21205,13973,22444,18131,16326,15602,22971,25887,24431,27908,22113,16210,28646,15645,22612,20628,13397,26393,16136,18857,19845,17693,15250,20023,13964,20622,15418,16842,15579,19942,19193
c175,16430,20606,15821,18797,8412,20123,9708,17217,16515,12064,13840,23920,23491,23647,25410,19162,14470,19553,12436,15485,14113,11019,15448,11343,11221,11881,13540,14942,19862,12472,14740,14646,13494,8687,9803,15307
c176,8860,9976,7280,8964,5097,8179,5310,7470,6652,6084,6019,8489,9742,9097,10095,8286,5875,10078,6206,8922,7334,5155,9602,6114,6721,8344,6752,5957,8085,5093,6784,6218,6130,5309,7440,6847
c177,17386,18550,14217,17009,9950,15767,10039,14676,12690,11262,11378,15745,18457,17207,18651,15610,11348,18437,11458,17246,14304,9971,18374,11539,12946,15562,13028,11135,15743,9969,12910,11299,11242,10053,14386,12802
c178,20647,25011,22430,28115,13682,23192,14355,21111,20155,16816,16437,25406,30551,26890,25228,21495,16282,25581,16894,30433,20205,15341,23130,20247,23405,21216,19472,17197,22799,18778,17937,17070,18534,17126,19718,15899
c179,8324,10464,8043,7950,4834,8447,5312,8016,7499,6590,6374,8694,9482,9096,8546,8831,6189,10765,5680,10255,8294,5668,10670,5317,7250,9453,5857,7340,7217,5403,7475,5237,6389,6730,7431,7667
c180,24738,26020,20135,24440,14463,23387,14513,21278,17769,16828,16974,22494,28184,25686,27307,21040,16653,25293,16006,24118,22801,14419,29149,16550,18823,23596,18067,18099,22777,14428,19730,15544,17198,15278,20814,18527
c181,21494,23464,17962,21901,12700,19905,12656,18003,16242,14731,14178,19846,23015,21775,23794,19773,14404,23122,14710,21523,17654,12668,23368,14591,16266,19815,15849,14329,19735,12546,16075,14338,14573,12682,18051,16243
c182,22376,17250,21248,17863,8147,19443,11730,13086,11197,12101,14110,16104,21774,20015,18902,17716,11516,16649,16658,21062,9449,9876,17893,11931,10058,13795,15870,9475,16537,10186,15113,10235,12886,11614,15589,12101
c183,18340,20836,18571,19847,10017,17695,10344,10190,16952,13404,16667,13085,19703,17215,22207,21876,12634,18151,10199,15599,17503,12030,23819,12903,13217,17544,15602,7922,18093,8569,15598,14176,11369,12825,16555,14522
c184,14417,20146,12850,13400,12799,17186,10998,15234,14690,11853,11034,14826,20790,15000,20402,16490,10914,15170,11013,14635,12651,11948,20407,11377,11299,15552,13539,11048,19974,9721,16416,13311,10993,10963,17176,16186
c185,15385,14000,11671,18426,8896,12925,11208,12458,12597,8903,10662,14874,19187,19550,17312,14138,6661,18698,11375,13057,10855,7648,13928,8561,11478,15194,14402,11594,14119,9174,8967,15706,9559,10424,9381,12072